CREATE DATABASE timesheet;

GRANT ALL PRIVILEGES ON timesheet.* TO stock@localhost IDENTIFIED BY 'check';
GRANT ALL PRIVILEGES ON timesheet.* TO stock@"%" IDENTIFIED BY 'check';

USE timesheet;

DROP TABLE IF EXISTS Employees;
CREATE TABLE Employees(EmpID INT NOT NULL PRIMARY KEY AUTO_INCREMENT, EmpName TINYTEXT NOT NULL, UserName TINYTEXT NOT NULL, IsAdmin bit NOT NULL, Pass TINYTEXT NOT NULL);

INSERT INTO Employees VALUES(1, "John Doe", "test", 0, "test");
INSERT INTO Employees VALUES(2, "Bob Smith", "testadmin", 1, "testadmin");
INSERT INTO Employees VALUES(3, "Gabriel Hung", "ghung392", 1, "toohardtoguess");
INSERT INTO Employees VALUES(4, "Angela Ma", "starangelam", 0, "qwerty");

DROP TABLE IF EXISTS Timesheets;
CREATE TABLE Timesheets(
	TimesheetID INT NOT NULL PRIMARY KEY AUTO_INCREMENT,
	EmpID INT NOT NULL, EndWeek DATE NOT NULL,
	OverTime DECIMAL, FlexTime DECIMAL
);

INSERT INTO Timesheets VALUES(1, 2, "2014-11-7", NULL, NULL);
INSERT INTO Timesheets VALUES(2, 2, "2014-10-31", 4, NULL);
INSERT INTO Timesheets VALUES(3, 2, "2014-10-24", NULL, 4);

INSERT INTO Timesheets VALUES(4, 1, "2014-11-7", NULL, NULL);
INSERT INTO Timesheets VALUES(5, 1, "2014-10-31", 4, NULL);
INSERT INTO Timesheets VALUES(6, 1, "2014-10-24", NULL, 4);

DROP TABLE IF EXISTS TimesheetRows;
CREATE TABLE TimesheetRows(
	RowID INT NOT NULL PRIMARY KEY AUTO_INCREMENT,
	TimesheetID INT NOT NULL,
	ProjectID INT NOT NULL, WorkPackage TINYTEXT NOT NULL,
	Mon DECIMAL, TUE DECIMAL, WED DECIMAL, THU DECIMAL, FRI DECIMAL,
	SAT DECIMAL, SUN DECIMAL, Notes TINYTEXT
);

INSERT INTO TimesheetRows VALUES(1, 1, 29, "AC30", 4, 8, NULL, NULL, 8, NULL, NULL, NULL);
INSERT INTO TimesheetRows VALUES(2, 1, 29, "AC37", 4, NULL, 8, 8, NULL, NULL, NULL, NULL);
INSERT INTO TimesheetRows VALUES(3, 2, 29, "AC30", 4, 8, NULL, NULL, 8, NULL, NULL, NULL);
INSERT INTO TimesheetRows VALUES(4, 2, 29, "AC37", 4, 4, 8, 8, NULL, NULL, NULL, "Rushing for release date.");
INSERT INTO TimesheetRows VALUES(5, 3, 35, "DE6", 8, 8, NULL, 4, NULL, NULL, NULL, NULL);
INSERT INTO TimesheetRows VALUES(6, 3, 35, "QA", NULL, NULL, 8, 4, NULL, NULL, NULL, NULL);
INSERT INTO TimesheetRows VALUES(7, 3, 29, "AE19", NULL, NULL, NULL, NULL, 8, NULL, NULL, NULL);
INSERT INTO TimesheetRows VALUES(8, 3, 29, "QA", NULL, NULL, NULL, NULL, 4, NULL, NULL, "Sundra's Sick.");

INSERT INTO TimesheetRows VALUES(9, 4, 29, "AC30", 4, 8, NULL, NULL, 8, NULL, NULL, NULL);
INSERT INTO TimesheetRows VALUES(10, 4, 29, "AC37", 4, NULL, 8, 8, NULL, NULL, NULL, NULL);
INSERT INTO TimesheetRows VALUES(11, 5, 29, "AC30", 4, 8, NULL, NULL, 8, NULL, NULL, NULL);
INSERT INTO TimesheetRows VALUES(12, 5, 29, "AC37", 4, 4, 8, 8, NULL, NULL, NULL, "Rushing for release date.");
INSERT INTO TimesheetRows VALUES(13, 6, 35, "DE6", 8, 8, NULL, 4, NULL, NULL, NULL, NULL);
INSERT INTO TimesheetRows VALUES(14, 6, 35, "QA", NULL, NULL, 8, 4, NULL, NULL, NULL, NULL);
INSERT INTO TimesheetRows VALUES(15, 6, 29, "AE19", NULL, NULL, NULL, NULL, 8, NULL, NULL, NULL);
INSERT INTO TimesheetRows VALUES(16, 6, 29, "QA", NULL, NULL, NULL, NULL, 4, NULL, NULL, "Sundra's Sick.");